time;Speed;lat;lon;alt;x_gyro;y_gyro;z_gyro;x_acc;y_acc;z_acc;north;east;down;pitch;yaw;roll;wind_speed;wind_direction; LIDAR state; camera state;battery level;propeller state;threat classification; shooting weapon;;signal
07:30:00;5;22,9028455;120,2731643;0,06;0;-5;-14;16;-40;-1010;0,559638023;1,325550079;-0,060326278;0,054884009;-2,215816975;0,001227445;0,5;0;0;0;5;nominal;0;0;;0
07:31:26;7;22,9028483;120,2731639;0,09;5;-2;0;0;-1;-1001;-0,022463799;0,02631551;-0,093252897;-0,00742226;-1,713768125;0,020344045;0,5;0;0;0;5;nominal;0;0;;1
07:32:53;9;22,9028468;120,2731668;1,51;-37;-55;31;-7;-8;-980;-0,196399629;0,31876421;-1,512881041;-0,013694777;-2,113803387;0,082624927;0,5;0;0;0;5;nominal;0;0;;1
07:34:19;11;22,9028462;120,2731648;7,6;-15;-67;61;-44;-9;-1003;-0,262216628;0,118361771;-7,595532894;-0,01026131;-1,883194804;0,048869401;0,5;180;0;0;5;nominal;0;0;;0
07:35:46;13;22,9028446;120,2731485;9,93;-47;-4;-87;-90;-3;-1029;-0,438174039;-1,550018549;-9,933065414;-0,142090216;-1,74081099;0,015762255;0,5;175;0;0;5;nominal;0;0;;0
07:37:12;15;22,902836;120,2730804;10,31;65;-112;-17;-80;-58;-1001;-1,404230833;-8,536726952;-10,30599308;-0,100534841;-1,679674149;0,007254045;0,5;170;0;0;5;nominal;0;0;;0
07:38:38;17;22,9028277;120,2729994;10,25;1;-46;0;-141;20;-1018;-2,330444813;-16,84137726;-10,24834824;-0,075623065;-1,684622049;-0,006661948;0,5;165;0;0;5;nominal;0;0;;0
07:40:05;19;22,9028182;120,2729183;10,25;36;22;23;-5;56;-938;-3,392565489;-25,15564919;-10,25474548;-0,096809551;-1,650889039;-0,005578264;0,5;160;1;1;5;nominal;0;0;;0
07:41:31;21;22,9028089;120,2728269;10,16;-14;-152;-9;-70;40;-974;-4,42714119;-34,52784729;-10,15896988;-0,084610611;-1,660832524;-0,006642819;0,5;155;1;1;5;nominal;0;0;;0
07:42:58;23;22,9027989;120,2727454;10,05;183;17;61;-92;28;-1045;-5,540887833;-42,88595963;-10,04901314;-0,0959794;-1,623333097;0,025245575;0,5;150;1;1;5;nominal;0;0;;0
07:44:24;25;22,9027937;120,2726827;10,08;-73;-75;-32;-132;65;-1004;-6,113022804;-49,31497955;-10,07629776;0,065515861;-1,492037296;-0,004203808;0,5;145;1;1;5;nominal;0;0;;0
07:45:50;27;22,9027702;120,2726966;9,96;-94;187;-1077;-11;67;-940;-8,738348007;-47,8909874;-9,960065842;-0,079327099;3,116165876;-0,030045776;0,5;140;1;1;5;nominal;0;0;;0
07:47:17;29;22,9027133;120,2727326;10,09;47;-72;-70;-39;-3;-969;-15,06854725;-44,20059586;-10,0905056;-0,051948283;2,585744858;0,024051223;0,5;135;1;1;5;nominal;0;0;;1
07:48:43;31;22,9026492;120,2727723;10,14;-6;103;2;63;-22;-994;-22,19827652;-40,13336182;-10,14434624;-0,009412308;2,572087526;0,037659198;0,5;130;1;1;5;nominal;0;0;;0
07:50:10;33;22,9025855;120,2728134;10,19;-26;-3;68;-30;0;-943;-29,28990364;-35,9176712;-10,19057083;-0,015249885;2,57192874;0,017082701;0,5;125;1;1;5;nominal;0;0;;0
07:51:36;35;22,9025205;120,2728566;10,21;40;5;-2;1;-14;-949;-36,52793121;-31,49048805;-10,20550442;-0,025158033;2,636006832;-0,00581496;0,5;120;1;1;4;underspeed;0;0;;1
07:53:02;37;22,9024565;120,2728996;10,17;-109;42;-604;-14;-3;-1044;-43,65591049;-27,08131981;-10,16798401;0,075621188;2,440858364;-0,075544246;0,5;115;1;1;4;underspeed;0;0;;0
07:54:29;39;22,9024605;120,2729498;10,09;93;-26;209;6;66;-929;-43,20311737;-21,93034554;-10,08579826;-0,031694319;1,075928807;-0,046700411;0;110;1;1;4;underspeed;0;0;;0
07:55:55;41;22,9024937;120,2730144;10,15;67;-10;-43;-67;40;-1064;-39,51613617;-15,30701065;-10,15117455;-0,029872622;1,104506969;-0,054349959;0;105;1;1;4;underspeed;0;0;;0
07:57:22;43;22,9025293;120,2730915;10,29;-10;-56;-12;-66;118;-993;-35,55147171;-7,399389744;-10,28874969;-0,03613501;1,050948024;-0,086910836;0;100;1;1;4;underspeed;0;0;;0
07:58:48;45;22,902568;120,2731666;10,17;-200;262;18;-26;81;-981;-31,24283028;0,300908864;-10,16775513;-0,00861356;1,075748205;-0,078543007;0;95;1;1;4;underspeed;0;0;;0
08:00:14;42;22,9026198;120,273188;9,97;114;40;-50;-50;52;-935;-25,47260857;2,503042936;-9,971429825;-0,110313289;-0,102467664;-0,113612458;0;90;1;1;4;nominal;0;0;;0
08:01:41;35;22,9026934;120,2731757;9,89;83;10;-24;-57;69;-999;-17,28462219;1,24813807;-9,888267517;-0,080337659;-0,130376428;-0,088980682;0;85;1;1;4;nominal;0;0;;0
08:03:07;30;22,9027627;120,2731624;9,82;-14;-4;65;-69;97;-1023;-9,570343018;-0,129138112;-9,816184998;-0,097599372;-0,13689509;-0,074356772;0;80;1;1;4;nominal;0;0;;0
08:04:34;27;22,9028239;120,2731518;9,78;-34;-34;-1;9;40;-932;-2,753297329;-1,21949625;-9,782838821;0,092870042;-0,03577191;-0,032677725;0;75;1;1;4;nominal;0;0;;1
08:06:00;26;22,9028274;120,2731529;8,23;97;-12;1;5;40;-1015;-2,360993147;-1,103379488;-8,232522964;-0,020600367;-0,078636855;-0,070204228;0;70;1;1;4;nominal;0;0;;0
08:07:26;25;22,9028289;120,2731503;6,48;-63;-19;-25;19;60;-985;-2,19994998;-1,366676807;-6,482154369;0,004937352;-0,064925998;-0,032312319;0;65;1;1;4;nominal;0;0;;0
08:08:53;23;22,9028287;120,2731523;5,05;50;-32;-17;-18;20;-1029;-2,218547344;-1,167849779;-5,053641319;-0,013768045;-0,057185117;-0,041366249;0;0;1;1;4;nominal;0;0;;0
08:10:19;12;22,902829;120,2731525;3,69;86;10;-9;-25;-19;-983;-2,187800407;-1,140818596;-3,693017006;-0,033784609;-0,058179408;-0,050148383;0;0;1;1;4;nominal;0;0;;0
08:11:46;10;22,9028294;120,2731521;2,08;-60;-47;25;-50;135;-975;-2,137969255;-1,183702946;-2,078277111;-0,018706307;-0,007605962;-0,033683397;0;0;1;1;4;nominal;0;0;;0
08:13:12;2;22,9028299;120,2731522;0,53;-103;72;97;52;7;-950;-2,092571259;-1,171681166;-0,530314445;-0,0029808;-0,082933724;-0,020443592;0;0;1;1;4;nominal;0;0;;0
11:45:00;5;22,9028455;120,2731643;0,06;0;-5;-14;16;-40;-1010;0,559638023;1,325550079;-0,060326278;0,054884009;-2,215816975;0,001227445;0;45;0;0;5;nominal;0;0;;0
11:46:26;45;23,9028455;121,2731643;30,06;0;-5;-14;16;-40;-1010;0,559638023;1,325550079;-0,060326278;0,054884009;-2,215816975;0,001227445;1;43;0;0;5;nominal;0;0;;0
11:47:53;47;24,7028455;122,2731643;33,06;5;-2;0;0;-1;-1001;-0,022463799;0,02631551;-0,093252897;-0,00742226;-1,713768125;0,020344045;1;38;0;0;5;nominal;0;0;;0
11:49:19;49;25,0028455;123,2731643;36,06;-37;-55;31;-7;-8;-980;-0,196399629;0,31876421;-1,512881041;-0,013694777;-2,113803387;0,082624927;1;33;0;0;5;nominal;0;0;;0
11:50:46;51;25,2028455;124,2731643;66,06;-15;-67;61;-44;-9;-1003;-0,262216628;0,118361771;-7,595532894;-0,01026131;-1,883194804;0,048869401;1;28;0;0;5;nominal;0;0;;0
11:52:12;53;25,5028455;125,2731643;69,06;-47;-4;-87;-90;-3;-1029;-0,438174039;-1,550018549;-9,933065414;-0,142090216;-1,74081099;0,015762255;1;23;0;0;5;nominal;0;0;;0
11:53:38;55;25,8028455;126,2731643;72,06;65;-112;-17;-80;-58;-1001;-1,404230833;-8,536726952;-10,30599308;-0,100534841;-1,679674149;0,007254045;1;18;0;0;5;nominal;0;0;;0
11:55:05;57;26,1028455;127,2731643;152,06;1;-46;0;-141;20;-1018;-2,330444813;-16,84137726;-10,24834824;-0,075623065;-1,684622049;-0,006661948;1;13;0;0;5;nominal;0;0;;0
11:56:31;59;26,4028455;128,2731643;155,06;36;22;23;-5;56;-938;-3,392565489;-25,15564919;-10,25474548;-0,096809551;-1,650889039;-0,005578264;1;8;1;1;5;nominal;0;0;;0
11:57:58;61;26,7028455;129,2731643;158,06;-14;-152;-9;-70;40;-974;-4,42714119;-34,52784729;-10,15896988;-0,084610611;-1,660832524;-0,006642819;1;3;1;1;5;nominal;0;0;;0
11:59:24;63;27,6028455;130,2731643;161,06;183;17;61;-92;28;-1045;-5,540887833;-42,88595963;-10,04901314;-0,0959794;-1,623333097;0,025245575;1;0;1;1;5;nominal;0;0;;0
12:00:50;65;27,9028455;131,2731643;164,06;-73;-75;-32;-132;65;-1004;-6,113022804;-49,31497955;-10,07629776;0,065515861;-1,492037296;-0,004203808;1;0;1;1;5;nominal;1;0;;0
12:02:17;67;28,2028455;132,2731643;167,06;-94;187;-1077;-11;67;-940;-8,738348007;-47,8909874;-9,960065842;-0,079327099;3,116165876;-0,030045776;1;0;1;1;5;nominal;1;0;;0
12:03:43;69;28,5028455;133,2731643;170,06;47;-72;-70;-39;-3;-969;-15,06854725;-44,20059586;-10,0905056;-0,051948283;2,585744858;0,024051223;0;0;1;1;5;nominal;1;0;;0
12:05:10;71;28,8028455;134,2731643;173,06;-6;103;2;63;-22;-994;-22,19827652;-40,13336182;-10,14434624;-0,009412308;2,572087526;0,037659198;0;0;1;1;5;nominal;1;0;;0
12:06:36;73;29,1028455;135,2731643;176,06;-26;-3;68;-30;0;-943;-29,28990364;-35,9176712;-10,19057083;-0,015249885;2,57192874;0,017082701;0;0;1;1;5;nominal;0;0;;0
12:08:02;75;29,4028455;136,2731643;179,06;40;5;-2;1;-14;-949;-36,52793121;-31,49048805;-10,20550442;-0,025158033;2,636006832;-0,00581496;0;0;1;1;4;underspeed;0;0;;0
12:09:29;77;29,7028455;137,2731643;182,06;-109;42;-604;-14;-3;-1044;-43,65591049;-27,08131981;-10,16798401;0,075621188;2,440858364;-0,075544246;2;0;1;1;4;underspeed;0;0;;0
12:10:55;79;30,0028455;138,2731643;185,06;93;-26;209;6;66;-929;-43,20311737;-21,93034554;-10,08579826;-0,031694319;1,075928807;-0,046700411;2;0;1;1;4;underspeed;0;0;;0
12:12:22;81;30,3028455;138,8731643;188,06;67;-10;-43;-67;40;-1064;-39,51613617;-15,30701065;-10,15117455;-0,029872622;1,104506969;-0,054349959;2;0;1;1;4;underspeed;0;0;;0
12:13:48;101;30,6028455;139,8731643;388,06;-10;-56;-12;-66;118;-993;-35,55147171;-7,399389744;-10,28874969;-0,03613501;1,050948024;-0,086910836;2;0;1;1;4;underspeed;0;0;;0
12:15:14;103;30,9028455;140,8731643;391,06;-200;262;18;-26;81;-981;-31,24283028;0,300908864;-10,16775513;-0,00861356;1,075748205;-0,078543007;2;0;1;1;4;underspeed;0;0;;0
12:16:41;105;31,2028455;141,8731643;991,06;114;40;-50;-50;52;-935;-25,47260857;2,503042936;-9,971429825;-0,110313289;-0,102467664;-0,113612458;2;0;1;1;4;nominal;0;0;;0
12:18:07;107;31,5028455;142,7731643;994,06;83;10;-24;-57;69;-999;-17,28462219;1,24813807;-9,888267517;-0,080337659;-0,130376428;-0,088980682;2;0;1;1;4;nominal;0;0;;0
12:19:34;109;31,8028455;143,6731643;997,06;-14;-4;65;-69;97;-1023;-9,570343018;-0,129138112;-9,816184998;-0,097599372;-0,13689509;-0,074356772;2;0;1;1;4;nominal;0;0;;0
12:21:00;111;32,1028455;144,5731643;1000,06;-34;-34;-1;9;40;-932;-2,753297329;-1,21949625;-9,782838821;0,092870042;-0,03577191;-0,032677725;0;0;1;1;4;nominal;0;0;;0
12:22:26;113;32,4028455;144,8731643;1030,06;97;-12;1;5;40;-1015;-2,360993147;-1,103379488;-8,232522964;-0,020600367;-0,078636855;-0,070204228;0;0;1;1;4;nominal;0;0;;0
12:23:53;115;32,7028455;145,1731643;1060,06;-63;-19;-25;19;60;-985;-2,19994998;-1,366676807;-6,482154369;0,004937352;-0,064925998;-0,032312319;0;0;1;1;4;nominal;0;0;;0
12:25:19;117;33,0028455;145,4731643;1090,06;50;-32;-17;-18;20;-1029;-2,218547344;-1,167849779;-5,053641319;-0,013768045;-0,057185117;-0,041366249;0;0;1;1;4;nominal;0;0;;0
12:26:46;119;33,3028455;145,7731643;1120,06;86;10;-9;-25;-19;-983;-2,187800407;-1,140818596;-3,693017006;-0,033784609;-0,058179408;-0,050148383;0;0;1;1;4;nominal;0;0;;0
12:28:12;121;33,6028455;146,0731643;1150,06;-60;-47;25;-50;135;-975;-2,137969255;-1,183702946;-2,078277111;-0,018706307;-0,007605962;-0,033683397;0;0;1;1;4;nominal;0;0;;0
12:29:38;123;33,9028455;146,3731643;1153,06;-103;72;97;52;7;-950;-2,092571259;-1,171681166;-0,530314445;-0,0029808;-0,082933724;-0,020443592;0;0;1;1;4;nominal;0;0;;0
12:30:00;0;22,9028461;120,2731675;3,297;59;-17;121;-35;-17;-1051;0,631699562;1,643684387;-3,297692776;-0,036203817;-2,467421532;0,01983377;0;230;1;1;4;nominal;0;0;;0
12:31:26;12;23,9028461;121,2731675;33,3;0;-5;-14;16;-40;-1010;0,559638023;1,325550079;-0,060326278;0,054884009;-2,215816975;0,001227445;1;225;0;0;5;nominal;0;0;;0
12:32:53;14;24,7028461;122,2731675;36,3;5;-2;0;0;-1;-1001;-0,022463799;0,02631551;-0,093252897;-0,00742226;-1,713768125;0,020344045;1;220;0;0;5;nominal;0;0;;0
12:34:19;16;25,0028461;123,2731675;39,3;-37;-55;31;-7;-8;-980;-0,196399629;0,31876421;-1,512881041;-0,013694777;-2,113803387;0,082624927;1;215;0;0;5;nominal;0;0;;0
12:35:46;18;25,2028461;124,2731675;69,3;-15;-67;61;-44;-9;-1003;-0,262216628;0,118361771;-7,595532894;-0,01026131;-1,883194804;0,048869401;1;210;0;0;5;nominal;0;0;;0
12:37:12;20;25,5028461;125,2731675;72,3;-47;-4;-87;-90;-3;-1029;-0,438174039;-1,550018549;-9,933065414;-0,142090216;-1,74081099;0,015762255;1;205;0;0;5;nominal;0;0;;0
12:38:38;22;25,8028461;126,2731675;75,3;65;-112;-17;-80;-58;-1001;-1,404230833;-8,536726952;-10,30599308;-0,100534841;-1,679674149;0,007254045;1;200;0;0;5;nominal;2;0;;0
12:40:05;24;26,1028461;127,2731675;155,3;1;-46;0;-141;20;-1018;-2,330444813;-16,84137726;-10,24834824;-0,075623065;-1,684622049;-0,006661948;1;195;0;0;5;nominal;2;0;;0
12:41:31;26;26,4028461;128,2731675;158,3;36;22;23;-5;56;-938;-3,392565489;-25,15564919;-10,25474548;-0,096809551;-1,650889039;-0,005578264;1;190;1;1;5;nominal;2;0;;0
12:42:58;28;26,7028461;129,2731675;161,3;-14;-152;-9;-70;40;-974;-4,42714119;-34,52784729;-10,15896988;-0,084610611;-1,660832524;-0,006642819;1;185;1;1;5;nominal;0;0;;0
12:44:24;30;27,6028461;130,2731675;164,3;183;17;61;-92;28;-1045;-5,540887833;-42,88595963;-10,04901314;-0,0959794;-1,623333097;0,025245575;1;180;1;1;5;nominal;0;0;;0
12:45:50;32;27,9028461;131,2731675;167,3;-73;-75;-32;-132;65;-1004;-6,113022804;-49,31497955;-10,07629776;0,065515861;-1,492037296;-0,004203808;1;175;1;1;5;nominal;0;0;;0
12:47:17;34;28,2028461;132,2731675;170,3;-94;187;-1077;-11;67;-940;-8,738348007;-47,8909874;-9,960065842;-0,079327099;3,116165876;-0,030045776;1;170;1;1;5;nominal;3;0;;0
12:48:43;36;28,5028461;133,2731675;173,3;47;-72;-70;-39;-3;-969;-15,06854725;-44,20059586;-10,0905056;-0,051948283;2,585744858;0,024051223;0;165;1;1;5;nominal;3;0;;0
12:50:10;38;28,8028461;134,2731675;176,3;-6;103;2;63;-22;-994;-22,19827652;-40,13336182;-10,14434624;-0,009412308;2,572087526;0,037659198;0;160;1;1;5;nominal;3;0;;0
12:51:36;40;29,1028461;135,2731675;179,3;-26;-3;68;-30;0;-943;-29,28990364;-35,9176712;-10,19057083;-0,015249885;2,57192874;0,017082701;0;155;1;1;5;nominal;3;0;;0
12:53:02;42;29,4028461;136,2731675;182,3;40;5;-2;1;-14;-949;-36,52793121;-31,49048805;-10,20550442;-0,025158033;2,636006832;-0,00581496;0;150;1;1;4;overspeed;3;0;;0
12:54:29;44;29,7028461;137,2731675;185,3;-109;42;-604;-14;-3;-1044;-43,65591049;-27,08131981;-10,16798401;0,075621188;2,440858364;-0,075544246;0;145;1;1;4;overspeed;3;0;;0
12:55:55;46;30,0028461;138,2731675;188,3;93;-26;209;6;66;-929;-43,20311737;-21,93034554;-10,08579826;-0,031694319;1,075928807;-0,046700411;0;140;1;1;4;overspeed;2;0;;0
12:57:22;48;30,3028461;138,8731675;191,3;67;-10;-43;-67;40;-1064;-39,51613617;-15,30701065;-10,15117455;-0,029872622;1,104506969;-0,054349959;0;135;1;1;4;overspeed;2;0;;0
12:58:48;68;30,6028461;139,8731675;391,3;-10;-56;-12;-66;118;-993;-35,55147171;-7,399389744;-10,28874969;-0,03613501;1,050948024;-0,086910836;0;130;1;1;4;overspeed;0;0;;0
13:00:14;70;30,9028461;140,8731675;394,3;-200;262;18;-26;81;-981;-31,24283028;0,300908864;-10,16775513;-0,00861356;1,075748205;-0,078543007;0;125;1;1;4;overspeed;0;0;;0
13:01:41;72;31,2028461;141,8731675;994,3;114;40;-50;-50;52;-935;-25,47260857;2,503042936;-9,971429825;-0,110313289;-0,102467664;-0,113612458;0;120;1;1;4;nominal;0;0;;0
13:03:07;74;31,5028461;142,7731675;997,3;83;10;-24;-57;69;-999;-17,28462219;1,24813807;-9,888267517;-0,080337659;-0,130376428;-0,088980682;0;115;1;1;4;nominal;0;0;;0
13:04:34;76;31,8028461;143,6731675;1000,3;-14;-4;65;-69;97;-1023;-9,570343018;-0,129138112;-9,816184998;-0,097599372;-0,13689509;-0,074356772;0;110;1;1;4;nominal;0;0;;0
13:06:00;78;32,1028461;144,5731675;1003,3;-34;-34;-1;9;40;-932;-2,753297329;-1,21949625;-9,782838821;0,092870042;-0,03577191;-0,032677725;0;105;1;1;4;nominal;0;0;;0
13:07:26;80;32,4028461;144,8731675;1033,3;97;-12;1;5;40;-1015;-2,360993147;-1,103379488;-8,232522964;-0,020600367;-0,078636855;-0,070204228;0;100;1;1;4;nominal;0;0;;0
13:08:53;82;32,7028461;145,1731675;1063,3;-63;-19;-25;19;60;-985;-2,19994998;-1,366676807;-6,482154369;0,004937352;-0,064925998;-0,032312319;0;95;1;1;4;nominal;0;0;;0
13:10:19;84;33,0028461;145,4731675;1093,3;50;-32;-17;-18;20;-1029;-2,218547344;-1,167849779;-5,053641319;-0,013768045;-0,057185117;-0,041366249;0;90;1;1;4;nominal;0;0;;0
13:11:46;86;33,3028461;145,7731675;1123,3;86;10;-9;-25;-19;-983;-2,187800407;-1,140818596;-3,693017006;-0,033784609;-0,058179408;-0,050148383;0;85;1;1;4;nominal;0;0;;0
13:13:12;88;33,6028461;146,0731675;1153,3;-60;-47;25;-50;135;-975;-2,137969255;-1,183702946;-2,078277111;-0,018706307;-0,007605962;-0,033683397;0;80;1;1;4;nominal;0;0;;0
13:14:38;90;33,9028461;146,3731675;1156,3;-103;72;97;52;7;-950;-2,092571259;-1,171681166;-0,530314445;-0,0029808;-0,082933724;-0,020443592;0;75;1;1;4;nominal;0;0;;0
17:30:00;7;22,9028461;120,2731675;3,297;59;-17;121;-35;-17;-1051;0,631699562;1,643684387;-3,297692776;-0,036203817;-2,467421532;0,01983377;0;230;1;1;4;nominal;0;0;;0
17:31:26;62;24,9028461;121,2731675;33,3;0;-5;-14;16;-40;-1010;0,559638023;1,325550079;-0,060326278;0,054884009;-2,215816975;0,001227445;0;225;0;0;5;nominal;0;0;;0
17:32:53;64;25,7028461;122,2731675;36,3;5;-2;0;0;-1;-1001;-0,022463799;0,02631551;-0,093252897;-0,00742226;-1,713768125;0,020344045;0;220;0;0;5;nominal;0;0;;0
17:34:19;66;26,5028461;123,2731675;39,3;-37;-55;31;-7;-8;-980;-0,196399629;0,31876421;-1,512881041;-0,013694777;-2,113803387;0,082624927;0;215;0;0;5;nominal;0;0;;0
17:35:46;86;27,3028461;124,2731675;69,3;-15;-67;61;-44;-9;-1003;-0,262216628;0,118361771;-7,595532894;-0,01026131;-1,883194804;0,048869401;0;210;0;0;5;nominal;0;0;;0
17:37:12;88;35,3028461;125,2731675;72,3;-47;-4;-87;-90;-3;-1029;-0,438174039;-1,550018549;-9,933065414;-0,142090216;-1,74081099;0,015762255;0;205;0;0;5;nominal;0;0;;0
17:38:38;90;35,6028461;126,2731675;75,3;65;-112;-17;-80;-58;-1001;-1,404230833;-8,536726952;-10,30599308;-0,100534841;-1,679674149;0,007254045;1;200;0;0;5;nominal;1;0;;0
17:40:05;120;35,9028461;127,2731675;155,3;1;-46;0;-141;20;-1018;-2,330444813;-16,84137726;-10,24834824;-0,075623065;-1,684622049;-0,006661948;1;195;0;0;5;nominal;1;0;;0
17:41:31;122;36,2028461;128,2731675;158,3;36;22;23;-5;56;-938;-3,392565489;-25,15564919;-10,25474548;-0,096809551;-1,650889039;-0,005578264;1;190;1;1;5;nominal;0;0;;0
17:42:58;124;36,5028461;129,2731675;161,3;-14;-152;-9;-70;40;-974;-4,42714119;-34,52784729;-10,15896988;-0,084610611;-1,660832524;-0,006642819;1;185;1;1;5;nominal;0;0;;0
17:44:24;126;37,4028461;130,2731675;164,3;183;17;61;-92;28;-1045;-5,540887833;-42,88595963;-10,04901314;-0,0959794;-1,623333097;0,025245575;1;180;1;1;5;nominal;0;0;;0
17:45:50;128;37,7028461;131,2731675;167,3;-73;-75;-32;-132;65;-1004;-6,113022804;-49,31497955;-10,07629776;0,065515861;-1,492037296;-0,004203808;1;175;1;1;5;nominal;0;0;;0
17:47:17;208;53,7028461;132,2731675;170,3;-94;187;-1077;-11;67;-940;-8,738348007;-47,8909874;-9,960065842;-0,079327099;3,116165876;-0,030045776;1;170;1;1;5;nominal;2;0;;0
17:48:43;210;54,0028461;133,2731675;173,3;47;-72;-70;-39;-3;-969;-15,06854725;-44,20059586;-10,0905056;-0,051948283;2,585744858;0,024051223;1;165;1;1;5;nominal;2;0;;0
17:50:10;212;54,3028461;134,2731675;176,3;-6;103;2;63;-22;-994;-22,19827652;-40,13336182;-10,14434624;-0,009412308;2,572087526;0,037659198;1;160;1;1;5;nominal;2;0;;0
17:51:36;214;54,6028461;135,2731675;179,3;-26;-3;68;-30;0;-943;-29,28990364;-35,9176712;-10,19057083;-0,015249885;2,57192874;0,017082701;1;155;1;1;5;nominal;2;0;;0
17:53:02;304;54,9028461;136,2731675;182,3;40;5;-2;1;-14;-949;-36,52793121;-31,49048805;-10,20550442;-0,025158033;2,636006832;-0,00581496;0;150;1;1;4;underspeed;0;0;;0
17:54:29;306;55,2028461;137,2731675;185,3;-109;42;-604;-14;-3;-1044;-43,65591049;-27,08131981;-10,16798401;0,075621188;2,440858364;-0,075544246;0;145;1;1;4;underspeed;0;0;;0
17:55:55;308;65,2028461;138,2731675;188,3;93;-26;209;6;66;-929;-43,20311737;-21,93034554;-10,08579826;-0,031694319;1,075928807;-0,046700411;0;140;1;1;4;underspeed;2;0;;0
17:57:22;310;65,5028461;138,8731675;191,3;67;-10;-43;-67;40;-1064;-39,51613617;-15,30701065;-10,15117455;-0,029872622;1,104506969;-0,054349959;0;135;1;1;4;underspeed;2;0;;0
17:58:48;510;65,8028461;139,8731675;391,3;-10;-56;-12;-66;118;-993;-35,55147171;-7,399389744;-10,28874969;-0,03613501;1,050948024;-0,086910836;0;130;1;1;4;underspeed;0;0;;0
18:00:14;710;66,1028461;140,8731675;394,3;-200;262;18;-26;81;-981;-31,24283028;0,300908864;-10,16775513;-0,00861356;1,075748205;-0,078543007;0;125;1;1;4;underspeed;0;0;;0
18:01:41;910;66,4028461;141,8731675;994,3;114;40;-50;-50;52;-935;-25,47260857;2,503042936;-9,971429825;-0,110313289;-0,102467664;-0,113612458;0;120;1;1;4;nominal;0;0;;0
18:03:07;1110;66,7028461;142,7731675;997,3;83;10;-24;-57;69;-999;-17,28462219;1,24813807;-9,888267517;-0,080337659;-0,130376428;-0,088980682;0;115;1;1;4;nominal;0;0;;0
18:04:34;1310;67,0028461;143,6731675;1000,3;-14;-4;65;-69;97;-1023;-9,570343018;-0,129138112;-9,816184998;-0,097599372;-0,13689509;-0,074356772;0;110;1;1;4;nominal;0;0;;0
18:06:00;1510;76,0028461;144,5731675;1003,3;-34;-34;-1;9;40;-932;-2,753297329;-1,21949625;-9,782838821;0,092870042;-0,03577191;-0,032677725;0;105;1;1;4;nominal;0;0;;0
18:07:26;1710;85,0028461;144,8731675;1033,3;97;-12;1;5;40;-1015;-2,360993147;-1,103379488;-8,232522964;-0,020600367;-0,078636855;-0,070204228;0;100;1;1;4;nominal;0;0;;0
18:08:53;1910;94,0028461;145,1731675;1063,3;-63;-19;-25;19;60;-985;-2,19994998;-1,366676807;-6,482154369;0,004937352;-0,064925998;-0,032312319;0;95;1;1;4;nominal;0;0;;0
18:10:19;2110;103,0028461;145,4731675;1093,3;50;-32;-17;-18;20;-1029;-2,218547344;-1,167849779;-5,053641319;-0,013768045;-0,057185117;-0,041366249;0;90;1;1;4;nominal;0;0;;1
18:11:46;2310;112,0028461;145,7731675;1123,3;86;10;-9;-25;-19;-983;-2,187800407;-1,140818596;-3,693017006;-0,033784609;-0,058179408;-0,050148383;0;85;1;1;4;nominal;0;0;;0
18:13:12;2510;121,0028461;146,0731675;1153,3;-60;-47;25;-50;135;-975;-2,137969255;-1,183702946;-2,078277111;-0,018706307;-0,007605962;-0,033683397;0;80;1;1;4;nominal;0;0;;0
18:14:38;2710;130,0028461;146,3731675;1156,3;-103;72;97;52;7;-950;-2,092571259;-1,171681166;-0,530314445;-0,0029808;-0,082933724;-0,020443592;0;75;1;1;4;nominal;0;0;;1
01:30:00;4;22,9028461;120,2731675;3,297;59;-17;121;-35;-17;-1051;0,631699562;1,643684387;-3,297692776;-0,036203817;-2,467421532;0,01983377;0;130;1;1;4;nominal;0;0;;0
01:31:26;25;24,9028461;121,2731675;33,3;0;-5;-14;16;-40;-1010;0,559638023;1,325550079;-0,060326278;0,054884009;-2,215816975;0,001227445;0;125;0;0;5;nominal;0;0;;0
01:32:53;27;25,7028461;122,2731675;36,3;5;-2;0;0;-1;-1001;-0,022463799;0,02631551;-0,093252897;-0,00742226;-1,713768125;0,020344045;0;120;0;0;5;nominal;0;0;;0
01:34:19;29;26,5028461;123,2731675;39,3;-37;-55;31;-7;-8;-980;-0,196399629;0,31876421;-1,512881041;-0,013694777;-2,113803387;0,082624927;0;115;0;0;5;nominal;0;0;;0
01:35:46;49;27,3028461;124,2731675;69,3;-15;-67;61;-44;-9;-1003;-0,262216628;0,118361771;-7,595532894;-0,01026131;-1,883194804;0,048869401;0;110;0;0;5;nominal;0;0;;0
01:37:12;51;35,3028461;125,2731675;72,3;-47;-4;-87;-90;-3;-1029;-0,438174039;-1,550018549;-9,933065414;-0,142090216;-1,74081099;0,015762255;0;105;0;0;5;nominal;0;0;;0
01:38:38;53;35,6028461;126,2731675;75,3;65;-112;-17;-80;-58;-1001;-1,404230833;-8,536726952;-10,30599308;-0,100534841;-1,679674149;0,007254045;0;100;0;0;5;nominal;1;0;;0
01:40:05;83;35,9028461;127,2731675;155,3;1;-46;0;-141;20;-1018;-2,330444813;-16,84137726;-10,24834824;-0,075623065;-1,684622049;-0,006661948;0;95;0;0;5;nominal;1;0;;0
01:41:31;85;36,2028461;128,2731675;158,3;36;22;23;-5;56;-938;-3,392565489;-25,15564919;-10,25474548;-0,096809551;-1,650889039;-0,005578264;0;90;1;1;5;nominal;0;0;;0
01:42:58;87;36,5028461;129,2731675;161,3;-14;-152;-9;-70;40;-974;-4,42714119;-34,52784729;-10,15896988;-0,084610611;-1,660832524;-0,006642819;0;85;1;1;5;nominal;0;0;;1
01:44:24;89;37,4028461;130,2731675;164,3;183;17;61;-92;28;-1045;-5,540887833;-42,88595963;-10,04901314;-0,0959794;-1,623333097;0,025245575;1;80;1;1;5;nominal;0;0;;1
01:45:50;91;37,7028461;131,2731675;167,3;-73;-75;-32;-132;65;-1004;-6,113022804;-49,31497955;-10,07629776;0,065515861;-1,492037296;-0,004203808;1;75;1;1;5;nominal;0;0;;1
01:47:17;171;53,7028461;132,2731675;170,3;-94;187;-1077;-11;67;-940;-8,738348007;-47,8909874;-9,960065842;-0,079327099;3,116165876;-0,030045776;1;70;1;1;5;nominal;2;0;;1
01:48:43;173;54,0028461;133,2731675;173,3;47;-72;-70;-39;-3;-969;-15,06854725;-44,20059586;-10,0905056;-0,051948283;2,585744858;0,024051223;1;65;1;1;5;nominal;2;0;;1
01:50:10;175;54,3028461;134,2731675;176,3;-6;103;2;63;-22;-994;-22,19827652;-40,13336182;-10,14434624;-0,009412308;2,572087526;0,037659198;1;60;1;1;5;nominal;2;0;;1
01:51:36;177;54,6028461;135,2731675;179,3;-26;-3;68;-30;0;-943;-29,28990364;-35,9176712;-10,19057083;-0,015249885;2,57192874;0,017082701;1;55;1;1;5;nominal;2;0;;1
01:53:02;267;54,9028461;136,2731675;182,3;40;5;-2;1;-14;-949;-36,52793121;-31,49048805;-10,20550442;-0,025158033;2,636006832;-0,00581496;1;50;1;1;4;underspeed;0;0;;1
01:54:29;269;55,2028461;137,2731675;185,3;-109;42;-604;-14;-3;-1044;-43,65591049;-27,08131981;-10,16798401;0,075621188;2,440858364;-0,075544246;1;45;1;1;4;underspeed;0;0;;1
01:55:55;271;65,2028461;138,2731675;188,3;93;-26;209;6;66;-929;-43,20311737;-21,93034554;-10,08579826;-0,031694319;1,075928807;-0,046700411;1;40;1;1;4;underspeed;2;0;;1
01:57:22;273;65,5028461;138,8731675;191,3;67;-10;-43;-67;40;-1064;-39,51613617;-15,30701065;-10,15117455;-0,029872622;1,104506969;-0,054349959;1;35;1;1;4;underspeed;2;0;;1
01:58:48;473;65,8028461;139,8731675;391,3;-10;-56;-12;-66;118;-993;-35,55147171;-7,399389744;-10,28874969;-0,03613501;1,050948024;-0,086910836;0;30;1;1;4;underspeed;0;0;;1
02:00:14;673;66,1028461;140,8731675;394,3;-200;262;18;-26;81;-981;-31,24283028;0,300908864;-10,16775513;-0,00861356;1,075748205;-0,078543007;0;25;1;1;4;underspeed;0;0;;1
02:01:41;873;66,4028461;141,8731675;994,3;114;40;-50;-50;52;-935;-25,47260857;2,503042936;-9,971429825;-0,110313289;-0,102467664;-0,113612458;0;20;1;1;4;nominal;0;0;;1
02:03:07;1073;66,7028461;142,7731675;997,3;83;10;-24;-57;69;-999;-17,28462219;1,24813807;-9,888267517;-0,080337659;-0,130376428;-0,088980682;0;15;1;1;4;nominal;0;0;;1
02:04:34;1273;67,0028461;143,6731675;1000,3;-14;-4;65;-69;97;-1023;-9,570343018;-0,129138112;-9,816184998;-0,097599372;-0,13689509;-0,074356772;0;10;1;1;4;nominal;0;0;;1
02:06:00;1473;76,0028461;144,5731675;1003,3;-34;-34;-1;9;40;-932;-2,753297329;-1,21949625;-9,782838821;0,092870042;-0,03577191;-0,032677725;0;5;1;1;4;nominal;0;0;;1
02:07:26;1673;85,0028461;144,8731675;1033,3;97;-12;1;5;40;-1015;-2,360993147;-1,103379488;-8,232522964;-0,020600367;-0,078636855;-0,070204228;0;0;1;1;4;nominal;0;0;;1
02:08:53;1873;94,0028461;145,1731675;1063,3;-63;-19;-25;19;60;-985;-2,19994998;-1,366676807;-6,482154369;0,004937352;-0,064925998;-0,032312319;0;0;1;1;4;nominal;0;0;;1
02:10:19;2073;103,0028461;145,4731675;1093,3;50;-32;-17;-18;20;-1029;-2,218547344;-1,167849779;-5,053641319;-0,013768045;-0,057185117;-0,041366249;0;0;1;1;4;nominal;0;0;;1
02:11:46;2273;112,0028461;145,7731675;1123,3;86;10;-9;-25;-19;-983;-2,187800407;-1,140818596;-3,693017006;-0,033784609;-0,058179408;-0,050148383;0;0;1;1;4;nominal;0;0;;1
02:13:12;2473;121,0028461;146,0731675;1153,3;-60;-47;25;-50;135;-975;-2,137969255;-1,183702946;-2,078277111;-0,018706307;-0,007605962;-0,033683397;0;0;1;1;4;nominal;0;0;;1
02:14:38;2673;130,0028461;146,3731675;1156,3;-103;72;97;52;7;-950;-2,092571259;-1,171681166;-0,530314445;-0,0029808;-0,082933724;-0,020443592;0;0;1;1;4;nominal;0;0;;1
03:00:00;4;22,9028461;120,2731675;3,297;59;-17;121;-35;-17;-1051;0,631699562;1,643684387;-3,297692776;-0,036203817;-2,467421532;0,01983377;0;0;1;1;4;nominal;0;0;;1
03:01:26;59;24,9028461;121,2731675;33,3;0;-5;-14;16;-40;-1010;0,559638023;1,325550079;-0,060326278;0,054884009;-2,215816975;0,001227445;1;0;0;0;5;nominal;0;0;;1
03:02:53;61;25,7028461;122,2731675;36,3;5;-2;0;0;-1;-1001;-0,022463799;0,02631551;-0,093252897;-0,00742226;-1,713768125;0,020344045;1;0;0;0;5;nominal;0;0;;1
03:04:19;63;26,5028461;123,2731675;39,3;-37;-55;31;-7;-8;-980;-0,196399629;0,31876421;-1,512881041;-0,013694777;-2,113803387;0,082624927;1;0;0;0;5;nominal;0;0;;1
03:05:46;83;27,3028461;124,2731675;69,3;-15;-67;61;-44;-9;-1003;-0,262216628;0,118361771;-7,595532894;-0,01026131;-1,883194804;0,048869401;1;0;0;0;5;nominal;0;0;;1
03:07:12;85;35,3028461;125,2731675;72,3;-47;-4;-87;-90;-3;-1029;-0,438174039;-1,550018549;-9,933065414;-0,142090216;-1,74081099;0,015762255;1;0;0;0;5;nominal;0;0;;1
03:08:38;87;35,6028461;126,2731675;75,3;65;-112;-17;-80;-58;-1001;-1,404230833;-8,536726952;-10,30599308;-0,100534841;-1,679674149;0,007254045;1;75;0;0;5;nominal;1;0;;1
03:10:05;117;35,9028461;127,2731675;155,3;1;-46;0;-141;20;-1018;-2,330444813;-16,84137726;-10,24834824;-0,075623065;-1,684622049;-0,006661948;1;70;0;0;5;nominal;1;0;;1
03:11:31;119;36,2028461;128,2731675;158,3;36;22;23;-5;56;-938;-3,392565489;-25,15564919;-10,25474548;-0,096809551;-1,650889039;-0,005578264;1;65;1;1;5;nominal;0;0;;1
03:12:58;121;36,5028461;129,2731675;161,3;-14;-152;-9;-70;40;-974;-4,42714119;-34,52784729;-10,15896988;-0,084610611;-1,660832524;-0,006642819;1;60;1;1;5;nominal;0;0;;1
03:14:24;123;37,4028461;130,2731675;164,3;183;17;61;-92;28;-1045;-5,540887833;-42,88595963;-10,04901314;-0,0959794;-1,623333097;0,025245575;1;55;1;1;5;nominal;0;0;;1
03:15:50;125;38,3028461;131,2731675;167,3;-73;-75;-32;-132;65;-1004;-6,113022804;-49,31497955;-10,07629776;0,065515861;-1,492037296;-0,004203808;0;50;1;1;5;nominal;0;0;;1
03:17:17;195;54,3028461;132,2731675;170,3;-94;187;-1077;-11;67;-940;-8,738348007;-47,8909874;-9,960065842;-0,079327099;3,116165876;-0,030045776;0;45;1;1;5;nominal;2;0;;1
03:18:43;197;54,6028461;133,2731675;173,3;47;-72;-70;-39;-3;-969;-15,06854725;-44,20059586;-10,0905056;-0,051948283;2,585744858;0,024051223;0;40;1;1;5;nominal;2;0;;1
03:20:10;199;54,9028461;134,2731675;176,3;-6;103;2;63;-22;-994;-22,19827652;-40,13336182;-10,14434624;-0,009412308;2,572087526;0,037659198;0;35;1;1;5;nominal;2;0;;1
03:21:36;201;55,2028461;135,2731675;179,3;-26;-3;68;-30;0;-943;-29,28990364;-35,9176712;-10,19057083;-0,015249885;2,57192874;0,017082701;0;30;1;1;5;nominal;2;0;;1
03:23:02;291;55,5028461;136,2731675;182,3;40;5;-2;1;-14;-949;-36,52793121;-31,49048805;-10,20550442;-0,025158033;2,636006832;-0,00581496;0;25;1;1;4;underspeed;0;0;;1
03:24:29;293;55,8028461;137,2731675;185,3;-109;42;-604;-14;-3;-1044;-43,65591049;-27,08131981;-10,16798401;0,075621188;2,440858364;-0,075544246;0;0;1;1;4;underspeed;0;0;;1
03:25:55;295;65,8028461;138,2731675;188,3;93;-26;209;6;66;-929;-43,20311737;-21,93034554;-10,08579826;-0,031694319;1,075928807;-0,046700411;0;0;1;1;4;underspeed;2;0;;1
03:27:22;297;66,1028461;138,8731675;191,3;67;-10;-43;-67;40;-1064;-39,51613617;-15,30701065;-10,15117455;-0,029872622;1,104506969;-0,054349959;0;0;1;1;4;underspeed;2;0;;1
03:28:48;497;66,4028461;139,8731675;391,3;-10;-56;-12;-66;118;-993;-35,55147171;-7,399389744;-10,28874969;-0,03613501;1,050948024;-0,086910836;0;0;1;1;4;underspeed;0;0;;1
03:30:14;697;66,7028461;140,8731675;394,3;-200;262;18;-26;81;-981;-31,24283028;0,300908864;-10,16775513;-0,00861356;1,075748205;-0,078543007;0;0;1;1;4;underspeed;0;0;;1
03:31:41;897;67,0028461;141,8731675;994,3;114;40;-50;-50;52;-935;-25,47260857;2,503042936;-9,971429825;-0,110313289;-0,102467664;-0,113612458;0;0;1;1;4;nominal;0;0;;1
03:33:07;1097;67,3028461;142,7731675;997,3;83;10;-24;-57;69;-999;-17,28462219;1,24813807;-9,888267517;-0,080337659;-0,130376428;-0,088980682;0;0;1;1;4;nominal;0;0;;1
03:34:34;1297;67,6028461;143,6731675;1000,3;-14;-4;65;-69;97;-1023;-9,570343018;-0,129138112;-9,816184998;-0,097599372;-0,13689509;-0,074356772;0;0;1;1;4;nominal;0;0;;1
03:40:00;0;68,5028461;144,5731675;1003,297;-34;-34;-1;9;40;-932;-2,753297329;-1,21949625;-9,782838821;0,092870042;-0,03577191;-0,032677725;0;0;1;1;4;nominal;0;0;;1
03:41:26;37;70,5028461;145,5731675;1033,3;0;-5;-14;16;-40;-1010;0,559638023;1,325550079;-0,060326278;0,054884009;-2,215816975;0,001227445;1;165;0;0;5;nominal;0;0;;1
03:42:53;39;71,3028461;146,5731675;1036,3;5;-2;0;0;-1;-1001;-0,022463799;0,02631551;-0,093252897;-0,00742226;-1,713768125;0,020344045;1;160;0;0;5;nominal;0;0;;1
03:44:19;41;72,1028461;147,5731675;1039,3;-37;-55;31;-7;-8;-980;-0,196399629;0,31876421;-1,512881041;-0,013694777;-2,113803387;0,082624927;1;155;0;0;5;nominal;0;0;;1
03:45:46;61;72,9028461;148,5731675;1069,3;-15;-67;61;-44;-9;-1003;-0,262216628;0,118361771;-7,595532894;-0,01026131;-1,883194804;0,048869401;1;150;0;0;5;nominal;0;0;;1
03:47:12;63;80,9028461;149,5731675;1072,3;-47;-4;-87;-90;-3;-1029;-0,438174039;-1,550018549;-9,933065414;-0,142090216;-1,74081099;0,015762255;1;145;0;0;5;nominal;0;0;;1
03:48:38;65;81,2028461;150,5731675;1075,3;65;-112;-17;-80;-58;-1001;-1,404230833;-8,536726952;-10,30599308;-0,100534841;-1,679674149;0,007254045;1;140;0;0;5;nominal;1;0;;1
03:50:05;95;81,5028461;151,5731675;1155,3;1;-46;0;-141;20;-1018;-2,330444813;-16,84137726;-10,24834824;-0,075623065;-1,684622049;-0,006661948;1;135;0;0;5;nominal;1;0;;1
03:51:31;97;81,8028461;152,5731675;1158,3;36;22;23;-5;56;-938;-3,392565489;-25,15564919;-10,25474548;-0,096809551;-1,650889039;-0,005578264;1;130;1;1;5;nominal;0;0;;1
03:52:58;99;82,1028461;153,5731675;1161,3;-14;-152;-9;-70;40;-974;-4,42714119;-34,52784729;-10,15896988;-0,084610611;-1,660832524;-0,006642819;1;125;1;1;5;nominal;0;0;;1
03:54:24;101;82,4028461;154,5731675;1164,3;183;17;61;-92;28;-1045;-5,540887833;-42,88595963;-10,04901314;-0,0959794;-1,623333097;0,025245575;1;120;1;1;5;nominal;0;0;;1
03:55:50;103;82,7028461;155,5731675;1167,3;-73;-75;-32;-132;65;-1004;-6,113022804;-49,31497955;-10,07629776;0,065515861;-1,492037296;-0,004203808;1;115;1;1;5;nominal;0;0;;1
03:57:17;105;83,0028461;156,5731675;1170,3;-94;187;-1077;-11;67;-940;-8,738348007;-47,8909874;-9,960065842;-0,079327099;3,116165876;-0,030045776;1;0;1;1;5;nominal;2;0;;1
03:58:43;107;83,3028461;157,5731675;1173,3;47;-72;-70;-39;-3;-969;-15,06854725;-44,20059586;-10,0905056;-0,051948283;2,585744858;0,024051223;1;0;1;1;5;nominal;2;0;;1
04:00:10;109;83,6028461;158,5731675;1176,3;-6;103;2;63;-22;-994;-22,19827652;-40,13336182;-10,14434624;-0,009412308;2,572087526;0,037659198;1;0;1;1;5;nominal;2;0;;1
04:01:36;111;83,9028461;159,5731675;1179,3;-26;-3;68;-30;0;-943;-29,28990364;-35,9176712;-10,19057083;-0,015249885;2,57192874;0,017082701;1;0;1;1;5;nominal;2;0;;1
04:03:02;113;84,2028461;160,5731675;1182,3;40;5;-2;1;-14;-949;-36,52793121;-31,49048805;-10,20550442;-0,025158033;2,636006832;-0,00581496;1;0;1;1;4;underspeed;0;0;;1
04:04:29;115;84,5028461;161,5731675;1185,3;-109;42;-604;-14;-3;-1044;-43,65591049;-27,08131981;-10,16798401;0,075621188;2,440858364;-0,075544246;1;0;1;1;4;underspeed;0;0;;1
04:05:55;117;84,8028461;162,5731675;1188,3;93;-26;209;6;66;-929;-43,20311737;-21,93034554;-10,08579826;-0,031694319;1,075928807;-0,046700411;1;0;1;1;4;underspeed;2;0;;1
04:07:22;119;85,1028461;163,1731675;1191,3;67;-10;-43;-67;40;-1064;-39,51613617;-15,30701065;-10,15117455;-0,029872622;1,104506969;-0,054349959;1;0;1;1;4;underspeed;2;0;;1
04:08:48;121;85,4028461;164,1731675;1391,3;-10;-56;-12;-66;118;-993;-35,55147171;-7,399389744;-10,28874969;-0,03613501;1,050948024;-0,086910836;1;0;1;1;4;underspeed;0;0;;1
04:10:14;123;85,7028461;165,1731675;1394,3;-200;262;18;-26;81;-981;-31,24283028;0,300908864;-10,16775513;-0,00861356;1,075748205;-0,078543007;1;0;1;1;4;underspeed;0;0;;1
04:11:41;323;86,0028461;166,1731675;1994,3;114;40;-50;-50;52;-935;-25,47260857;2,503042936;-9,971429825;-0,110313289;-0,102467664;-0,113612458;1;0;1;1;4;nominal;0;0;;1
04:13:07;523;86,3028461;167,0731675;1997,3;83;10;-24;-57;69;-999;-17,28462219;1,24813807;-9,888267517;-0,080337659;-0,130376428;-0,088980682;1;0;1;1;4;nominal;0;0;;1
04:14:34;723;86,6028461;167,9731675;2000,3;-14;-4;65;-69;97;-1023;-9,570343018;-0,129138112;-9,816184998;-0,097599372;-0,13689509;-0,074356772;1;0;1;1;4;nominal;0;0;;1
04:20:00;0;87,5028461;168,8731675;2003,297;-34;-34;-1;9;40;-932;-2,753297329;-1,21949625;-9,782838821;0,092870042;-0,03577191;-0,032677725;0;0;1;1;4;nominal;0;0;;1
04:21:26;125;89,5028461;169,8731675;2033,3;0;-5;-14;16;-40;-1010;0,559638023;1,325550079;-0,060326278;0,054884009;-2,215816975;0,001227445;0;235;0;0;5;nominal;0;0;;1
04:22:53;127;90,3028461;170,8731675;2036,3;5;-2;0;0;-1;-1001;-0,022463799;0,02631551;-0,093252897;-0,00742226;-1,713768125;0,020344045;0;230;0;0;5;nominal;0;0;;1
04:24:19;129;91,1028461;171,8731675;2039,3;-37;-55;31;-7;-8;-980;-0,196399629;0,31876421;-1,512881041;-0,013694777;-2,113803387;0,082624927;0;225;0;0;5;nominal;0;0;;1
04:25:46;131;91,9028461;172,8731675;2069,3;-15;-67;61;-44;-9;-1003;-0,262216628;0,118361771;-7,595532894;-0,01026131;-1,883194804;0,048869401;0;220;0;0;5;nominal;0;0;;1
04:27:12;133;99,9028461;173,8731675;2072,3;-47;-4;-87;-90;-3;-1029;-0,438174039;-1,550018549;-9,933065414;-0,142090216;-1,74081099;0,015762255;2;215;0;0;5;nominal;0;0;;1
04:28:38;135;100,2028461;174,8731675;2075,3;65;-112;-17;-80;-58;-1001;-1,404230833;-8,536726952;-10,30599308;-0,100534841;-1,679674149;0,007254045;2;210;0;0;5;nominal;1;0;;1
04:30:05;137;100,5028461;175,8731675;2155,3;1;-46;0;-141;20;-1018;-2,330444813;-16,84137726;-10,24834824;-0,075623065;-1,684622049;-0,006661948;2;205;0;0;5;nominal;1;0;;1
04:31:31;139;100,8028461;176,8731675;2158,3;36;22;23;-5;56;-938;-3,392565489;-25,15564919;-10,25474548;-0,096809551;-1,650889039;-0,005578264;2;200;1;1;5;nominal;0;0;;1
04:32:58;141;101,1028461;177,8731675;2161,3;-14;-152;-9;-70;40;-974;-4,42714119;-34,52784729;-10,15896988;-0,084610611;-1,660832524;-0,006642819;2;195;1;1;5;nominal;0;0;;1
04:34:24;143;101,4028461;178,8731675;2164,3;183;17;61;-92;28;-1045;-5,540887833;-42,88595963;-10,04901314;-0,0959794;-1,623333097;0,025245575;2;190;1;1;5;nominal;0;0;;1
04:35:50;145;101,7028461;179,8731675;2167,3;-73;-75;-32;-132;65;-1004;-6,113022804;-49,31497955;-10,07629776;0,065515861;-1,492037296;-0,004203808;2;185;1;1;5;nominal;0;0;;1
04:37:17;147;102,0028461;180,8731675;2170,3;-94;187;-1077;-11;67;-940;-8,738348007;-47,8909874;-9,960065842;-0,079327099;3,116165876;-0,030045776;2;0;1;1;5;nominal;2;0;;1
04:38:43;149;102,3028461;181,8731675;2173,3;47;-72;-70;-39;-3;-969;-15,06854725;-44,20059586;-10,0905056;-0,051948283;2,585744858;0,024051223;2;0;1;1;5;nominal;2;0;;1
04:40:10;151;102,6028461;182,8731675;2176,3;-6;103;2;63;-22;-994;-22,19827652;-40,13336182;-10,14434624;-0,009412308;2,572087526;0,037659198;2;235;1;1;5;nominal;2;0;;1
04:41:36;153;102,9028461;183,8731675;2179,3;-26;-3;68;-30;0;-943;-29,28990364;-35,9176712;-10,19057083;-0,015249885;2,57192874;0,017082701;2;230;1;1;5;nominal;2;0;;1
04:43:02;155;103,2028461;184,8731675;2182,3;40;5;-2;1;-14;-949;-36,52793121;-31,49048805;-10,20550442;-0,025158033;2,636006832;-0,00581496;2;225;1;1;4;underspeed;0;0;;1
04:44:29;157;103,5028461;185,8731675;2185,3;-109;42;-604;-14;-3;-1044;-43,65591049;-27,08131981;-10,16798401;0,075621188;2,440858364;-0,075544246;2;220;1;1;4;underspeed;0;0;;1
04:45:55;159;103,8028461;186,8731675;2188,3;93;-26;209;6;66;-929;-43,20311737;-21,93034554;-10,08579826;-0,031694319;1,075928807;-0,046700411;2;215;1;1;4;underspeed;2;0;;1
04:47:22;161;104,1028461;187,4731675;2191,3;67;-10;-43;-67;40;-1064;-39,51613617;-15,30701065;-10,15117455;-0,029872622;1,104506969;-0,054349959;0;210;1;1;4;underspeed;2;0;;1
04:48:48;361;104,4028461;188,4731675;2391,3;-10;-56;-12;-66;118;-993;-35,55147171;-7,399389744;-10,28874969;-0,03613501;1,050948024;-0,086910836;0;205;1;1;4;underspeed;0;0;;1
04:50:14;561;104,7028461;189,4731675;2394,3;-200;262;18;-26;81;-981;-31,24283028;0,300908864;-10,16775513;-0,00861356;1,075748205;-0,078543007;0;200;1;1;4;underspeed;0;0;;1
04:51:41;761;105,0028461;190,4731675;2994,3;114;40;-50;-50;52;-935;-25,47260857;2,503042936;-9,971429825;-0,110313289;-0,102467664;-0,113612458;0;195;1;1;4;nominal;0;0;;1
04:53:07;961;105,3028461;191,3731675;2997,3;83;10;-24;-57;69;-999;-17,28462219;1,24813807;-9,888267517;-0,080337659;-0,130376428;-0,088980682;0;190;1;1;4;nominal;0;0;;1
04:54:34;1161;105,6028461;192,2731675;3000,3;-14;-4;65;-69;97;-1023;-9,570343018;-0,129138112;-9,816184998;-0,097599372;-0,13689509;-0,074356772;0;185;1;1;4;nominal;0;0;;1
05:15:00;0;106,5028461;193,1731675;3003,3;-34;-34;-1;9;40;-932;-2,753297329;-1,21949625;-9,782838821;0,092870042;-0,03577191;-0,032677725;0;0;1;1;4;nominal;0;0;;1
05:16:26;5;108,5028461;194,1731675;3033,3;0;-5;-14;16;-40;-1010;0,559638023;1,325550079;-0,060326278;0,054884009;-2,215816975;0,001227445;0;295;0;0;5;nominal;0;0;;1
05:17:53;7;109,3028461;195,1731675;3036,3;5;-2;0;0;-1;-1001;-0,022463799;0,02631551;-0,093252897;-0,00742226;-1,713768125;0,020344045;0;290;0;0;5;nominal;0;0;;1
05:19:19;9;110,1028461;196,1731675;3039,3;-37;-55;31;-7;-8;-980;-0,196399629;0,31876421;-1,512881041;-0,013694777;-2,113803387;0,082624927;0;285;0;0;5;nominal;0;0;;1
05:20:46;11;110,9028461;197,1731675;3069,3;-15;-67;61;-44;-9;-1003;-0,262216628;0,118361771;-7,595532894;-0,01026131;-1,883194804;0,048869401;0;280;0;0;5;nominal;0;0;;1
05:22:12;13;118,9028461;198,1731675;3072,3;-47;-4;-87;-90;-3;-1029;-0,438174039;-1,550018549;-9,933065414;-0,142090216;-1,74081099;0,015762255;0;275;0;0;5;nominal;0;0;;1
05:23:38;15;119,2028461;199,1731675;3075,3;65;-112;-17;-80;-58;-1001;-1,404230833;-8,536726952;-10,30599308;-0,100534841;-1,679674149;0,007254045;0;270;0;0;5;nominal;1;0;;1
05:25:05;17;119,5028461;200,1731675;3155,3;1;-46;0;-141;20;-1018;-2,330444813;-16,84137726;-10,24834824;-0,075623065;-1,684622049;-0,006661948;0;265;0;0;5;nominal;1;0;;1
05:26:31;19;119,8028461;201,1731675;3158,3;36;22;23;-5;56;-938;-3,392565489;-25,15564919;-10,25474548;-0,096809551;-1,650889039;-0,005578264;0;260;1;1;5;nominal;0;0;;1
05:27:58;21;120,1028461;202,1731675;3161,3;-14;-152;-9;-70;40;-974;-4,42714119;-34,52784729;-10,15896988;-0,084610611;-1,660832524;-0,006642819;0;255;1;1;5;nominal;0;1;;1
05:29:24;23;120,4028461;203,1731675;3164,3;183;17;61;-92;28;-1045;-5,540887833;-42,88595963;-10,04901314;-0,0959794;-1,623333097;0,025245575;0;250;1;1;5;nominal;0;1;;1
05:30:50;25;120,7028461;204,1731675;3167,3;-73;-75;-32;-132;65;-1004;-6,113022804;-49,31497955;-10,07629776;0,065515861;-1,492037296;-0,004203808;0;245;1;1;5;nominal;0;1;;1
05:32:17;27;121,0028461;205,1731675;3170,3;-94;187;-1077;-11;67;-940;-8,738348007;-47,8909874;-9,960065842;-0,079327099;3,116165876;-0,030045776;0;0;1;1;5;nominal;2;1;;1
05:33:43;29;121,3028461;206,1731675;3173,3;47;-72;-70;-39;-3;-969;-15,06854725;-44,20059586;-10,0905056;-0,051948283;2,585744858;0,024051223;0;0;1;1;5;nominal;2;1;;1
05:35:10;31;121,6028461;207,1731675;3176,3;-6;103;2;63;-22;-994;-22,19827652;-40,13336182;-10,14434624;-0,009412308;2,572087526;0,037659198;0;0;1;1;5;nominal;2;0;;1
05:36:36;33;121,9028461;208,1731675;3179,3;-26;-3;68;-30;0;-943;-29,28990364;-35,9176712;-10,19057083;-0,015249885;2,57192874;0,017082701;0;0;1;1;5;nominal;2;0;;1
05:38:02;35;122,2028461;209,1731675;3182,3;40;5;-2;1;-14;-949;-36,52793121;-31,49048805;-10,20550442;-0,025158033;2,636006832;-0,00581496;0;0;1;1;4;underspeed;0;0;;1
05:39:29;37;122,5028461;210,1731675;3185,3;-109;42;-604;-14;-3;-1044;-43,65591049;-27,08131981;-10,16798401;0,075621188;2,440858364;-0,075544246;0;0;1;1;4;underspeed;0;0;;1
05:40:55;39;122,8028461;211,1731675;3188,3;93;-26;209;6;66;-929;-43,20311737;-21,93034554;-10,08579826;-0,031694319;1,075928807;-0,046700411;0;0;1;1;4;underspeed;2;0;;1
05:42:22;41;123,1028461;211,7731675;3191,3;67;-10;-43;-67;40;-1064;-39,51613617;-15,30701065;-10,15117455;-0,029872622;1,104506969;-0,054349959;0;0;1;1;4;underspeed;2;0;;1
05:43:48;241;123,4028461;212,7731675;3391,3;-10;-56;-12;-66;118;-993;-35,55147171;-7,399389744;-10,28874969;-0,03613501;1,050948024;-0,086910836;0;0;1;1;4;underspeed;0;0;;1
05:45:14;441;123,7028461;213,7731675;3394,3;-200;262;18;-26;81;-981;-31,24283028;0,300908864;-10,16775513;-0,00861356;1,075748205;-0,078543007;0;0;1;1;4;underspeed;0;0;;1
05:46:41;641;124,0028461;214,7731675;3994,3;114;40;-50;-50;52;-935;-25,47260857;2,503042936;-9,971429825;-0,110313289;-0,102467664;-0,113612458;0;0;1;1;4;nominal;0;0;;1
05:48:07;841;124,3028461;215,6731675;3997,3;83;10;-24;-57;69;-999;-17,28462219;1,24813807;-9,888267517;-0,080337659;-0,130376428;-0,088980682;0;0;1;1;4;nominal;0;0;;1
05:49:34;1041;124,6028461;216,5731675;4000,3;-14;-4;65;-69;97;-1023;-9,570343018;-0,129138112;-9,816184998;-0,097599372;-0,13689509;-0,074356772;0;0;1;1;4;nominal;0;0;;1
05:55:00;0;125,5028461;217,4731675;4003,3;-34;-34;-1;9;40;-932;-2,753297329;-1,21949625;-9,782838821;0,092870042;-0,03577191;-0,032677725;0;0;1;1;4;nominal;0;0;;1
05:56:26;32;127,5028461;218,4731675;4033,3;0;-5;-14;16;-40;-1010;0,559638023;1,325550079;-0,060326278;0,054884009;-2,215816975;0,001227445;0;350;0;0;5;nominal;0;0;;1
05:57:53;34;128,3028461;219,4731675;4036,3;5;-2;0;0;-1;-1001;-0,022463799;0,02631551;-0,093252897;-0,00742226;-1,713768125;0,020344045;0;345;0;0;5;nominal;0;0;;1
05:59:19;36;129,1028461;220,4731675;4039,3;-37;-55;31;-7;-8;-980;-0,196399629;0,31876421;-1,512881041;-0,013694777;-2,113803387;0,082624927;0;340;0;0;5;nominal;0;0;;1
06:00:46;38;129,9028461;221,4731675;4069,3;-15;-67;61;-44;-9;-1003;-0,262216628;0,118361771;-7,595532894;-0,01026131;-1,883194804;0,048869401;0;335;0;0;5;nominal;0;0;;1
06:02:12;40;137,9028461;222,4731675;4072,3;-47;-4;-87;-90;-3;-1029;-0,438174039;-1,550018549;-9,933065414;-0,142090216;-1,74081099;0,015762255;0;330;0;0;5;nominal;0;0;;1
06:03:38;42;138,2028461;223,4731675;4075,3;65;-112;-17;-80;-58;-1001;-1,404230833;-8,536726952;-10,30599308;-0,100534841;-1,679674149;0,007254045;0;325;0;0;5;nominal;1;0;;1
06:05:05;44;138,5028461;224,4731675;4155,3;1;-46;0;-141;20;-1018;-2,330444813;-16,84137726;-10,24834824;-0,075623065;-1,684622049;-0,006661948;0;320;0;0;5;nominal;1;0;;1
06:06:31;46;138,8028461;225,4731675;4158,3;36;22;23;-5;56;-938;-3,392565489;-25,15564919;-10,25474548;-0,096809551;-1,650889039;-0,005578264;0;315;1;1;5;nominal;0;0;;1
06:07:58;48;139,1028461;226,4731675;4161,3;-14;-152;-9;-70;40;-974;-4,42714119;-34,52784729;-10,15896988;-0,084610611;-1,660832524;-0,006642819;0;310;1;1;5;nominal;0;0;;1
06:09:24;50;139,4028461;227,4731675;4164,3;183;17;61;-92;28;-1045;-5,540887833;-42,88595963;-10,04901314;-0,0959794;-1,623333097;0,025245575;0;305;1;1;5;nominal;0;0;;1
06:10:50;52;139,7028461;228,4731675;4167,3;-73;-75;-32;-132;65;-1004;-6,113022804;-49,31497955;-10,07629776;0,065515861;-1,492037296;-0,004203808;0;300;1;1;5;nominal;0;0;;1
06:12:17;54;140,0028461;229,4731675;4170,3;-94;187;-1077;-11;67;-940;-8,738348007;-47,8909874;-9,960065842;-0,079327099;3,116165876;-0,030045776;0;0;1;1;5;nominal;2;0;;1
06:13:43;56;140,3028461;230,4731675;4173,3;47;-72;-70;-39;-3;-969;-15,06854725;-44,20059586;-10,0905056;-0,051948283;2,585744858;0,024051223;0;0;1;1;5;nominal;2;0;;1
06:15:10;58;140,6028461;231,4731675;4176,3;-6;103;2;63;-22;-994;-22,19827652;-40,13336182;-10,14434624;-0,009412308;2,572087526;0,037659198;0;0;1;1;5;nominal;2;0;;1
06:16:36;60;140,9028461;232,4731675;4179,3;-26;-3;68;-30;0;-943;-29,28990364;-35,9176712;-10,19057083;-0,015249885;2,57192874;0,017082701;0;0;1;1;5;nominal;2;0;;1
06:18:02;62;141,2028461;233,4731675;4182,3;40;5;-2;1;-14;-949;-36,52793121;-31,49048805;-10,20550442;-0,025158033;2,636006832;-0,00581496;0;0;1;1;4;underspeed;0;0;;1
06:19:29;64;141,5028461;234,4731675;4185,3;-109;42;-604;-14;-3;-1044;-43,65591049;-27,08131981;-10,16798401;0,075621188;2,440858364;-0,075544246;0;0;1;1;4;underspeed;0;0;;1
06:20:55;66;141,8028461;235,4731675;4188,3;93;-26;209;6;66;-929;-43,20311737;-21,93034554;-10,08579826;-0,031694319;1,075928807;-0,046700411;0;0;1;1;4;underspeed;2;0;;1
06:22:22;68;142,1028461;236,0731675;4191,3;67;-10;-43;-67;40;-1064;-39,51613617;-15,30701065;-10,15117455;-0,029872622;1,104506969;-0,054349959;0;0;1;1;4;underspeed;2;0;;1
06:23:48;268;142,4028461;237,0731675;4391,3;-10;-56;-12;-66;118;-993;-35,55147171;-7,399389744;-10,28874969;-0,03613501;1,050948024;-0,086910836;0;0;1;1;4;underspeed;0;0;;1
06:25:14;468;142,7028461;238,0731675;4394,3;-200;262;18;-26;81;-981;-31,24283028;0,300908864;-10,16775513;-0,00861356;1,075748205;-0,078543007;0;0;1;1;4;underspeed;0;0;;1
06:26:41;668;143,0028461;239,0731675;4994,3;114;40;-50;-50;52;-935;-25,47260857;2,503042936;-9,971429825;-0,110313289;-0,102467664;-0,113612458;0;0;1;1;4;nominal;0;0;;1
06:28:07;868;143,3028461;239,9731675;4997,3;83;10;-24;-57;69;-999;-17,28462219;1,24813807;-9,888267517;-0,080337659;-0,130376428;-0,088980682;0;0;1;1;4;nominal;0;0;;1
06:29:34;1068;143,6028461;240,8731675;5000,3;-14;-4;65;-69;97;-1023;-9,570343018;-0,129138112;-9,816184998;-0,097599372;-0,13689509;-0,074356772;0;0;1;1;4;nominal;0;0;;1
06:35:00;0;144,5028461;241,7731675;5003,3;-34;-34;-1;9;40;-932;-2,753297329;-1,21949625;-9,782838821;0,092870042;-0,03577191;-0,032677725;0;0;1;1;4;nominal;0;0;;1
06:36:26;21;146,5028461;242,7731675;5033,3;0;-5;-14;16;-40;-1010;0,559638023;1,325550079;-0,060326278;0,054884009;-2,215816975;0,001227445;0;140;0;0;5;nominal;0;0;;0
06:37:53;23;147,3028461;243,7731675;5036,3;5;-2;0;0;-1;-1001;-0,022463799;0,02631551;-0,093252897;-0,00742226;-1,713768125;0,020344045;0;135;0;0;5;nominal;0;0;;1
06:39:19;25;148,1028461;244,7731675;5039,3;-37;-55;31;-7;-8;-980;-0,196399629;0,31876421;-1,512881041;-0,013694777;-2,113803387;0,082624927;0;130;0;0;5;nominal;0;0;;0
06:40:46;27;148,9028461;245,7731675;5069,3;-15;-67;61;-44;-9;-1003;-0,262216628;0,118361771;-7,595532894;-0,01026131;-1,883194804;0,048869401;0;125;0;0;5;nominal;0;0;;1
06:42:12;29;156,9028461;246,7731675;5072,3;-47;-4;-87;-90;-3;-1029;-0,438174039;-1,550018549;-9,933065414;-0,142090216;-1,74081099;0,015762255;0;120;0;0;5;nominal;0;0;;0
06:43:38;31;157,2028461;247,7731675;5075,3;65;-112;-17;-80;-58;-1001;-1,404230833;-8,536726952;-10,30599308;-0,100534841;-1,679674149;0,007254045;0;115;0;0;5;nominal;0;0;;1
06:45:05;33;157,5028461;248,7731675;5155,3;1;-46;0;-141;20;-1018;-2,330444813;-16,84137726;-10,24834824;-0,075623065;-1,684622049;-0,006661948;0;110;0;0;5;nominal;0;0;;0
06:46:31;35;157,8028461;249,7731675;5158,3;36;22;23;-5;56;-938;-3,392565489;-25,15564919;-10,25474548;-0,096809551;-1,650889039;-0,005578264;0;105;1;1;5;nominal;0;0;;0
06:47:58;37;158,1028461;250,7731675;5161,3;-14;-152;-9;-70;40;-974;-4,42714119;-34,52784729;-10,15896988;-0,084610611;-1,660832524;-0,006642819;0;100;1;1;5;nominal;0;0;;0
06:49:24;39;158,4028461;251,7731675;5164,3;183;17;61;-92;28;-1045;-5,540887833;-42,88595963;-10,04901314;-0,0959794;-1,623333097;0,025245575;0;95;1;1;5;nominal;0;0;;0
06:50:50;41;158,7028461;252,7731675;5167,3;-73;-75;-32;-132;65;-1004;-6,113022804;-49,31497955;-10,07629776;0,065515861;-1,492037296;-0,004203808;0;90;1;1;5;nominal;0;0;;0
06:52:17;43;159,0028461;253,7731675;5170,3;-94;187;-1077;-11;67;-940;-8,738348007;-47,8909874;-9,960065842;-0,079327099;3,116165876;-0,030045776;0;0;1;1;5;nominal;0;0;;0
06:53:43;45;159,3028461;254,7731675;5173,3;47;-72;-70;-39;-3;-969;-15,06854725;-44,20059586;-10,0905056;-0,051948283;2,585744858;0,024051223;0;0;1;1;5;nominal;0;0;;0
06:55:10;47;159,6028461;255,7731675;5176,3;-6;103;2;63;-22;-994;-22,19827652;-40,13336182;-10,14434624;-0,009412308;2,572087526;0,037659198;0;0;1;1;5;nominal;0;0;;0
06:56:36;49;159,9028461;256,7731675;5179,3;-26;-3;68;-30;0;-943;-29,28990364;-35,9176712;-10,19057083;-0,015249885;2,57192874;0,017082701;0;0;1;1;5;nominal;0;0;;0
06:58:02;51;160,2028461;257,7731675;5182,3;40;5;-2;1;-14;-949;-36,52793121;-31,49048805;-10,20550442;-0,025158033;2,636006832;-0,00581496;0;0;1;1;4;underspeed;0;0;;0
06:59:29;53;160,5028461;258,7731675;5185,3;-109;42;-604;-14;-3;-1044;-43,65591049;-27,08131981;-10,16798401;0,075621188;2,440858364;-0,075544246;0;0;1;1;4;underspeed;0;0;;0
07:00:55;55;160,8028461;259,7731675;5188,3;93;-26;209;6;66;-929;-43,20311737;-21,93034554;-10,08579826;-0,031694319;1,075928807;-0,046700411;0;0;1;1;4;underspeed;0;0;;0
07:02:22;57;161,1028461;260,3731675;5191,3;67;-10;-43;-67;40;-1064;-39,51613617;-15,30701065;-10,15117455;-0,029872622;1,104506969;-0,054349959;0;0;1;1;4;underspeed;0;0;;0
07:03:48;257;161,4028461;261,3731675;5391,3;-10;-56;-12;-66;118;-993;-35,55147171;-7,399389744;-10,28874969;-0,03613501;1,050948024;-0,086910836;0;0;1;1;4;underspeed;0;0;;0
07:05:14;457;161,7028461;262,3731675;5394,3;-200;262;18;-26;81;-981;-31,24283028;0,300908864;-10,16775513;-0,00861356;1,075748205;-0,078543007;0;0;1;1;4;underspeed;0;0;;0
07:06:41;657;162,0028461;263,3731675;5994,3;114;40;-50;-50;52;-935;-25,47260857;2,503042936;-9,971429825;-0,110313289;-0,102467664;-0,113612458;0;0;1;1;4;nominal;0;0;;0
07:08:07;857;162,3028461;264,2731675;5997,3;83;10;-24;-57;69;-999;-17,28462219;1,24813807;-9,888267517;-0,080337659;-0,130376428;-0,088980682;0;0;1;1;4;nominal;0;0;;0
07:09:34;1057;162,6028461;265,1731675;6000,3;-14;-4;65;-69;97;-1023;-9,570343018;-0,129138112;-9,816184998;-0,097599372;-0,13689509;-0,074356772;0;0;1;1;4;nominal;0;0;;0
07:15:00;0;163,5028461;266,0731675;6003,3;-34;-34;-1;9;40;-932;-2,753297329;-1,21949625;-9,782838821;0,092870042;-0,03577191;-0,032677725;0;0;1;1;4;nominal;0;0;;0
07:16:26;14;165,5028461;267,0731675;6033,3;0;-5;-14;16;-40;-1010;0,559638023;1,325550079;-0,060326278;0,054884009;-2,215816975;0,001227445;0;0;0;0;5;nominal;0;0;;0
07:17:53;16;166,3028461;268,0731675;6036,3;5;-2;0;0;-1;-1001;-0,022463799;0,02631551;-0,093252897;-0,00742226;-1,713768125;0,020344045;0;0;0;0;5;nominal;0;0;;0
07:19:19;18;167,1028461;269,0731675;6039,3;-37;-55;31;-7;-8;-980;-0,196399629;0,31876421;-1,512881041;-0,013694777;-2,113803387;0,082624927;0;0;0;0;5;nominal;0;0;;0
07:20:46;20;167,9028461;270,0731675;6042,3;-15;-67;61;-44;-9;-1003;-0,262216628;0,118361771;-7,595532894;-0,01026131;-1,883194804;0,048869401;0;0;0;0;5;nominal;0;0;;0
07:22:12;22;175,9028461;271,0731675;6045,3;-47;-4;-87;-90;-3;-1029;-0,438174039;-1,550018549;-9,933065414;-0,142090216;-1,74081099;0,015762255;0;0;0;0;5;nominal;0;0;;0
07:23:38;24;176,2028461;272,0731675;6048,3;65;-112;-17;-80;-58;-1001;-1,404230833;-8,536726952;-10,30599308;-0,100534841;-1,679674149;0,007254045;0;0;0;0;5;nominal;0;0;;0
07:25:05;26;176,5028461;273,0731675;6051,3;1;-46;0;-141;20;-1018;-2,330444813;-16,84137726;-10,24834824;-0,075623065;-1,684622049;-0,006661948;0;0;0;0;5;nominal;0;0;;0
07:26:31;28;176,8028461;274,0731675;6054,3;36;22;23;-5;56;-938;-3,392565489;-25,15564919;-10,25474548;-0,096809551;-1,650889039;-0,005578264;0;0;1;1;5;nominal;0;0;;0
07:27:58;30;177,1028461;275,1731675;6057,3;-14;-152;-9;-70;40;-974;-4,42714119;-34,52784729;-10,15896988;-0,084610611;-1,660832524;-0,006642819;0;0;1;1;5;nominal;0;0;;0
07:29:24;32;177,4028461;276,2731675;6060,3;183;17;61;-92;28;-1045;-5,540887833;-42,88595963;-10,04901314;-0,0959794;-1,623333097;0,025245575;0;0;1;1;5;nominal;0;0;;0
07:30:50;34;177,7028461;277,2731675;6063,3;-73;-75;-32;-132;65;-1004;-6,113022804;-49,31497955;-10,07629776;0,065515861;-1,492037296;-0,004203808;0;0;1;1;5;nominal;0;0;;0
07:32:17;36;178,0028461;278,2731675;6066,3;-94;187;-1077;-11;67;-940;-8,738348007;-47,8909874;-9,960065842;-0,079327099;3,116165876;-0,030045776;0;0;1;1;5;nominal;0;0;;0
07:33:43;38;178,3028461;279,3731675;6069,3;47;-72;-70;-39;-3;-969;-15,06854725;-44,20059586;-10,0905056;-0,051948283;2,585744858;0,024051223;0;0;1;1;5;nominal;0;0;;0
07:35:10;40;178,6028461;280,3731675;6072,3;-6;103;2;63;-22;-994;-22,19827652;-40,13336182;-10,14434624;-0,009412308;2,572087526;0,037659198;0;0;1;1;5;nominal;0;0;;0
07:36:36;42;178,9028461;281,3731675;6075,3;-26;-3;68;-30;0;-943;-29,28990364;-35,9176712;-10,19057083;-0,015249885;2,57192874;0,017082701;0;0;1;1;5;nominal;0;0;;0
07:38:02;44;179,2028461;283,0731675;6078,3;40;5;-2;1;-14;-949;-36,52793121;-31,49048805;-10,20550442;-0,025158033;2,636006832;-0,00581496;0;0;1;1;4;underspeed;0;0;;0
07:39:29;46;179,5028461;284,9731675;6081,3;-109;42;-604;-14;-3;-1044;-43,65591049;-27,08131981;-10,16798401;0,075621188;2,440858364;-0,075544246;0;0;1;1;4;underspeed;0;0;;0
07:40:55;48;179,8028461;285,9731675;6084,3;93;-26;209;6;66;-929;-43,20311737;-21,93034554;-10,08579826;-0,031694319;1,075928807;-0,046700411;0;0;1;1;4;underspeed;0;0;;0
07:42:22;50;180,1028461;286,5731675;6087,3;67;-10;-43;-67;40;-1064;-39,51613617;-15,30701065;-10,15117455;-0,029872622;1,104506969;-0,054349959;0;0;1;1;4;underspeed;0;0;;0
07:43:48;250;180,4028461;286,8731675;6090,3;-10;-56;-12;-66;118;-993;-35,55147171;-7,399389744;-10,28874969;-0,03613501;1,050948024;-0,086910836;0;0;1;1;4;underspeed;0;0;;0
07:45:14;450;180,7028461;287,8731675;6093,3;-200;262;18;-26;81;-981;-31,24283028;0,300908864;-10,16775513;-0,00861356;1,075748205;-0,078543007;0;0;1;1;4;underspeed;0;0;;0
07:46:41;650;181,0028461;288,4731675;6096,3;114;40;-50;-50;52;-935;-25,47260857;2,503042936;-9,971429825;-0,110313289;-0,102467664;-0,113612458;0;0;1;1;4;nominal;0;0;;0
07:48:07;850;181,3028461;289,3731675;6099,3;83;10;-24;-57;69;-999;-17,28462219;1,24813807;-9,888267517;-0,080337659;-0,130376428;-0,088980682;0;0;1;1;4;nominal;0;0;;0
07:49:34;1050;181,6028461;290,2731675;6102,3;-14;-4;65;-69;97;-1023;-9,570343018;-0,129138112;-9,816184998;-0,097599372;-0,13689509;-0,074356772;0;0;1;1;4;nominal;0;0;;0
07:50:00;0;182,5028461;291,1731675;6105,3;-34;-34;-1;9;40;-932;-2,753297329;-1,21949625;-9,782838821;0,092870042;-0,03577191;-0,032677725;0;0;1;1;4;nominal;0;0;;0
07:51:26;55;184,5028461;292,1731675;6135,3;0;-5;-14;16;-40;-1010;0,559638023;1,325550079;-0,060326278;0,054884009;-2,215816975;0,001227445;0;0;0;0;5;nominal;0;0;;0
07:52:53;57;185,3028461;293,1731675;6138,3;5;-2;0;0;-1;-1001;-0,022463799;0,02631551;-0,093252897;-0,00742226;-1,713768125;0,020344045;0;0;0;0;5;nominal;0;0;;0
07:54:19;59;186,1028461;294,1731675;6141,3;-37;-55;31;-7;-8;-980;-0,196399629;0,31876421;-1,512881041;-0,013694777;-2,113803387;0,082624927;0;0;0;0;5;nominal;0;0;;0
07:55:46;61;186,9028461;295,1731675;6144,3;-15;-67;61;-44;-9;-1003;-0,262216628;0,118361771;-7,595532894;-0,01026131;-1,883194804;0,048869401;0;0;0;0;5;nominal;0;0;;0
07:57:12;63;194,9028461;296,1731675;6147,3;-47;-4;-87;-90;-3;-1029;-0,438174039;-1,550018549;-9,933065414;-0,142090216;-1,74081099;0,015762255;0;0;0;0;5;nominal;0;0;;1
07:58:38;65;195,2028461;297,1731675;6150,3;65;-112;-17;-80;-58;-1001;-1,404230833;-8,536726952;-10,30599308;-0,100534841;-1,679674149;0,007254045;0;0;0;0;5;nominal;0;0;;0
08:00:05;67;195,5028461;298,1731675;6153,3;1;-46;0;-141;20;-1018;-2,330444813;-16,84137726;-10,24834824;-0,075623065;-1,684622049;-0,006661948;0;0;0;0;5;nominal;0;0;;0
08:01:31;69;195,8028461;299,1731675;6156,3;36;22;23;-5;56;-938;-3,392565489;-25,15564919;-10,25474548;-0,096809551;-1,650889039;-0,005578264;0;0;1;1;5;nominal;0;0;;1
08:02:58;71;196,1028461;300,1731675;6159,3;-14;-152;-9;-70;40;-974;-4,42714119;-34,52784729;-10,15896988;-0,084610611;-1,660832524;-0,006642819;0;0;1;1;5;nominal;0;0;;0
08:04:24;73;196,4028461;301,1731675;6162,3;183;17;61;-92;28;-1045;-5,540887833;-42,88595963;-10,04901314;-0,0959794;-1,623333097;0,025245575;0;0;1;1;5;nominal;0;0;;0
08:05:50;75;196,7028461;302,1731675;6165,3;-73;-75;-32;-132;65;-1004;-6,113022804;-49,31497955;-10,07629776;0,065515861;-1,492037296;-0,004203808;0;0;1;1;5;nominal;0;0;;0
08:07:17;77;197,0028461;303,1731675;6168,3;-94;187;-1077;-11;67;-940;-8,738348007;-47,8909874;-9,960065842;-0,079327099;3,116165876;-0,030045776;0;0;1;1;5;nominal;0;0;;0
08:08:43;79;197,3028461;304,1731675;6171,3;47;-72;-70;-39;-3;-969;-15,06854725;-44,20059586;-10,0905056;-0,051948283;2,585744858;0,024051223;0;0;1;1;5;nominal;0;0;;1
08:10:10;81;197,6028461;305,1731675;6174,3;-6;103;2;63;-22;-994;-22,19827652;-40,13336182;-10,14434624;-0,009412308;2,572087526;0,037659198;0;0;1;1;5;nominal;0;0;;0
08:11:36;83;197,9028461;306,1731675;6177,3;-26;-3;68;-30;0;-943;-29,28990364;-35,9176712;-10,19057083;-0,015249885;2,57192874;0,017082701;0;0;1;1;5;nominal;0;0;;0
08:13:02;85;198,2028461;307,1731675;6180,3;40;5;-2;1;-14;-949;-36,52793121;-31,49048805;-10,20550442;-0,025158033;2,636006832;-0,00581496;0;0;1;1;4;underspeed;0;0;;0
08:14:29;87;198,5028461;308,1731675;6183,3;-109;42;-604;-14;-3;-1044;-43,65591049;-27,08131981;-10,16798401;0,075621188;2,440858364;-0,075544246;0;0;1;1;4;underspeed;0;0;;0
08:15:55;89;198,8028461;309,1731675;6186,3;93;-26;209;6;66;-929;-43,20311737;-21,93034554;-10,08579826;-0,031694319;1,075928807;-0,046700411;0;0;1;1;4;underspeed;0;0;;0
08:17:22;91;199,1028461;310,1731675;6189,3;67;-10;-43;-67;40;-1064;-39,51613617;-15,30701065;-10,15117455;-0,029872622;1,104506969;-0,054349959;0;0;1;1;4;underspeed;0;0;;1
08:18:48;291;199,4028461;311,1731675;6192,3;-10;-56;-12;-66;118;-993;-35,55147171;-7,399389744;-10,28874969;-0,03613501;1,050948024;-0,086910836;0;0;1;1;4;underspeed;0;0;;0
08:20:14;491;199,7028461;312,1731675;6195,3;-200;262;18;-26;81;-981;-31,24283028;0,300908864;-10,16775513;-0,00861356;1,075748205;-0,078543007;0;0;1;1;4;underspeed;0;0;;0
08:21:41;691;200,0028461;313,1731675;6198,3;114;40;-50;-50;52;-935;-25,47260857;2,503042936;-9,971429825;-0,110313289;-0,102467664;-0,113612458;0;0;1;1;4;nominal;0;0;;0
08:23:07;891;200,3028461;314,0731675;6201,3;83;10;-24;-57;69;-999;-17,28462219;1,24813807;-9,888267517;-0,080337659;-0,130376428;-0,088980682;0;0;1;1;4;nominal;0;0;;0
08:24:34;1091;200,6028461;314,9731675;6204,3;-14;-4;65;-69;97;-1023;-9,570343018;-0,129138112;-9,816184998;-0,097599372;-0,13689509;-0,074356772;0;0;1;1;4;nominal;0;0;;0
